Aisa_Order,person_name,ig_name,ig_id,ig_strong_id,posts,Followers,Following,ig_url,category
1,蔡阿嘎,蔡阿嘎,yga0721,45717781,8178,1495461,501,https://www.instagram.com/yga0721/,趣味搞笑
2,Joeman,Joeman 九妹,joemanweng,360484090,1615,666819,996,https://www.instagram.com/joemanweng/,"美食料理,3C科技,趣味搞笑"
3,黃阿瑪的後宮生活,黃阿瑪的後宮生活,fumeancat,1399123752,4550,1050878,159,https://www.instagram.com/fumeancat/,寵物
4,千千進食中,千千,khshu_,254432523,1002,891802,974,https://www.instagram.com/khshu_/,美食料理
5,小象愛出門,小象愛出門,elephant_gogo,484667815,1888,183273,1129,https://www.instagram.com/elephant_gogo/,"美食料理,旅遊"
6,那對夫妻,那對夫妻Nico&Kim ,1006nk,1701651749,3146,1030978,3,https://www.instagram.com/1006nk/,"趣味搞笑,家庭母嬰,表演藝術"
7,How-Fun-如何爽,HowHow,howhowhasfriends,6505088311,1921,523443,103,https://www.instagram.com/howhowhasfriends,趣味搞笑
8,PanSci-泛科學,PanSci 泛科學,pansci,1455058965,1453,283652,399,https://www.instagram.com/pansci/,知識教育
9,一隻阿圓,一隻阿圓,nanaciaociao,313471712,3373,563686,593,https://www.instagram.com/nanaciaociao/,"美妝保養,時尚潮流,旅遊"
10,欸你這週要幹嘛,欸你這週要幹嘛,arielsvlog_816,8320554996,1411,708449,473,https://www.instagram.com/arielsvlog_816/,趣味搞笑
11,77老大,77老大,basil_77777,5393203387,1054,395721,591,https://www.instagram.com/zamy_ding/,"醫療健康,知識教育"
12,那個女生-Kiki,那個女生Kiki,minikiki_0529,6204281058,1099,289658,511,https://www.instagram.com/minikiki_0529/,"美食料理,知識教育"
13,阿滴英文,阿滴,rayduenglish,288968436,1570,1089513,2228,https://www.instagram.com/rayduenglish/,知識教育
14,好味小姐,"好味小姐與蛋捲,短褲,麻糊,米香,橘皮,本丸,圓仔,More ",ladyflavor,3417748590,2094,395768,112,https://www.instagram.com/ladyflavor/,"美食料理,寵物"
14,好味小姐,好味小姐脆脆,ladyflavor_cui,3656815405,1378,369611,122,https://www.instagram.com/ladyflavor_cui/,"美食料理,寵物"
14,好味小姐,好味小姐腦波弱跟Podcast ,ladyflavor_nowpo,53675526308,472,205735,9,https://www.instagram.com/ladyflavor_nowpo/,"美食料理,寵物"
15,廉傑克曼,張廉傑 RJ / 阿傑,jaychang0127,328078093,1855,415002,4032,https://www.instagram.com/jaychang0127/,遊戲電玩
16,江老師,我是江老師,teacherchiang,30136496472,1922,308786,624,https://www.instagram.com/teacherchiang,"表演藝術,時尚潮流,家庭母嬰"
17,那些電影教我的事,那些電影教我的事,lessonsfrommovies,485234984,6816,1484140,87,https://www.instagram.com/lessonsfrommovies/,影視評論
18,豆漿--Soybean-Milk,豆漿-SoybeanMilk,soybeanmilk_cat,5556187464,2242,433921,34,https://www.instagram.com/soybeanmilk_cat/,寵物
19,Onion-man-洋蔥先生與阿文,洋蔥先生與阿文,onionman__,1981431196,1177,458424,925,https://www.instagram.com/onionman__/,"表演藝術,趣味搞笑"
20,人類超有病-Baxuan,霸軒BAXUAN,baxuan_ig,1959578996,1066,742233,2830,https://www.instagram.com/baxuan_ig/,"表演藝術,趣味搞笑"
21,大蛇丸,大蛇丸,jam_cutepig,2214964723,882,551530,390,https://www.instagram.com/jam_cutepig/,趣味搞笑
22,Andy老師,Andy老師,andy1994x,4017891221,391,1241259,57,https://www.instagram.com/andy1994x/,"趣味搞笑,表演藝術"
23,超認真少年-I'm-Serious,超認真少年,imseriou,8743462644,1529,138411,751,https://www.instagram.com/imseriou/,知識教育
24,三原慧悟-Sanyuan_JAPAN,三原 慧悟/サンエン/Mr.3,sanyuan_japan,2036845994,1147,229384,595,https://www.instagram.com/sanyuan_japan/,"旅遊,趣味搞笑"
25,貓貓蟲-咖波,Bugcat Capoo,bugcat_capoo,2122019014,1735,2136350,291,https://www.instagram.com/bugcat_capoo/,表演藝術
26,Ian&Eric,The DoDo Men - 嘟嘟人,thedodomen,22597217534,1101,609185,482,https://www.instagram.com/thedodomen/,"旅遊,趣味搞笑"
27,黃氏兄弟,黃氏兄弟,huangbrotherss,6231869789,476,454084,2,https://www.instagram.com/huangbrotherss/,"趣味搞笑,表演藝術"
28,我得了一種吃菜就會死的病-微疼,微疼,weiteng0710,1325089238,1429,322374,1071,https://www.instagram.com/weiteng0710/,"表演藝術,趣味搞笑"
29,琳妲-林羿禎,琳妲-林羿禎💕 ,linda831212,262292089,5232,1036871,2416,https://www.instagram.com/linda831212/,"表演藝術,趣味搞笑"
30,白癡公主,白癡公主,87acup,323227199,1801,1002519,515,https://www.instagram.com/87acup/,趣味搞笑
31,KEOKI-BLACK布萊克薛薛,布萊克薛薛Drangadrang,k3okii,192726292,1396,232109,389,https://www.instagram.com/k3okii/,"旅遊,美食料理"
32,厭世甜點店,厭世甜點店,energydessert2019,11941118848,1266,145675,494,https://www.instagram.com/energydessert2019/,美食料理
33,陳彥婷,陳彥婷 Tiffany,thetiffanychen,4053642540,2147,642973,352,https://www.instagram.com/thetiffanychen/,趣味搞笑
34,魚乾,魚乾,annie72127,310596431,1809,350257,500,https://www.instagram.com/annie72127/,"寵物,遊戲電玩,趣味搞笑"
35,志祺七七,志祺,shasha77.daily,7011513421,1093,238862,552,https://www.instagram.com/shasha77.daily/,"知識教育,時事討論,高階經理人"
36,HOOK,HOOK ,helloiamhook,6666970922,1154,648553,448,https://www.instagram.com/helloiamhook/,"寵物,旅遊,美食料理"
37,木曜4超玩,木曜4超玩,muyao4,5422332449,817,342007,71,https://www.instagram.com/muyao4/,旅遊
38,丹妮婊姐,丹妮婊姐星球,dannybeeech,1387337609,1232,257954,2,https://www.instagram.com/dannybeeech/,"美妝保養,時尚潮流,趣味搞笑"
39,泱泱LYNN,泱泱LYNN,lynnwu0219_2,47642521277,21,76276,93,https://www.instagram.com/lynnwu0219_2/,帶貨分潤
40,HahaTai-哈哈台,HahaTai 哈哈台,hahatai_official,2373420238,2719,335359,1092,https://www.instagram.com/hahatai_official/,趣味搞笑
41,丁特-Dinter,丁特頻道,dinter_1126,3318362924,407,198349,1034,https://www.instagram.com/dinteroffical/,遊戲電玩
42,彼得爸與蘇珊媽,彼得爸與蘇珊媽,peter_and_susan,22917989,3181,115573,1267,https://www.instagram.com/peter_and_susan/,"旅遊,家庭母嬰,帶貨分潤"
43,阿翰po影片,阿翰po影片,hanhanpovideo,6033704723,714,663533,1782,https://www.instagram.com/hanhanpovideo/,趣味搞笑
44,愛里,愛里,allie.liao,1962736611,180,621595,1325,https://www.instagram.com/allie.liao/,"知識教育,趣味搞笑"
45,這群人-尼克,尼克 王士維,nickwang1988,1566811610,2358,422848,646,https://www.instagram.com/nickwang1988/,"趣味搞笑,表演藝術"
46,蔡桃貴,蔡桃貴,tsaigray2018,8047388429,4238,1150147,61,https://www.instagram.com/tsaigray2018/,"家庭母嬰,趣味搞笑"
47,Ru's-Piano-Ru味春捲,Ru味春捲Ru's Piano ,ruruspiano,589042879,1350,221940,697,https://www.instagram.com/ruruspiano/,表演藝術
48,阿啾繪圖同萌,阿啾小劇場,achusan0817,2214961036,583,221635,217,https://www.instagram.com/achusan0817/,"表演藝術,趣味搞笑"
48,阿啾繪圖同萌,劉啾慶,achu08177,6183789581,113,11113,489,https://www.instagram.com/achu08177/,"表演藝術,趣味搞笑"
49,黃大謙,黃大謙,da_chien_huang,40500436,493,522301,493,https://www.instagram.com/da_chien_huang/,趣味搞笑
50,愛莉莎莎-Alisasa,愛莉莎莎Alisasa 🐨 ,goodalicia,328949039,1637,615843,1279,https://www.instagram.com/goodalicia/,"美妝保養,時尚潮流"
51,見習網美小吳,見習網美小吳,beauty___wu,264560267,1739,760960,770,https://www.instagram.com/beauty___wu/,"美妝保養,趣味搞笑"
52,Charlene-Liu-查理,Charlene Liu 查理,coindevanity,603730248,2880,344198,1016,https://www.instagram.com/coindevanity/,"美妝保養,時尚潮流,旅遊"
53,PEETA葛格,PEETA葛格 ,peeta.gege,255612709,873,267433,1832,https://www.instagram.com/peeta.gege/,運動健身
54,波蘭女孩x台灣男孩-在家環遊世界,Mila Sky,milasky_love,7958155041,600,115072,1042,https://www.instagram.com/milasky_love/,"旅遊,美食料理"
55,連環泡有芒果,連環泡有芒果,corgimango,1582312502,2043,218465,10,https://www.instagram.com/corgimango/,"美食料理,寵物,趣味搞笑"
56,Emma艾瑪,Emma 艾瑪,xollox121,255423608,1901,206043,950,https://www.instagram.com/xollox121/,運動健身
57,Aries艾瑞絲,Aries艾瑞絲,aries_8248,453456033,2044,779766,943,https://www.instagram.com/aries_8248/,"美食料理,表演藝術,趣味搞笑"
58,蘿潔塔的廚房,蘿潔塔的廚房,rosalina.kitchen,2319795781,389,161521,36,https://www.instagram.com/rosalina.kitchen/,"美食料理,帶貨分潤"
59,瑀熙-Yuci,瑀熙Yuci🐻,uccu0323,330362747,2996,1031037,624,https://www.instagram.com/uccu0323/,"旅遊,遊戲電玩"
60,這群人TGOP,這群人 TGOP,thisgroupofpeople,3179636262,2377,634322,15,https://www.instagram.com/thisgroupofpeople/,趣味搞笑
61,3cTim哥生活的日常,Tim哥,3ctim,51687345,2926,113102,486,https://www.instagram.com/3ctim/,3C科技
62,百變沛莉-Peri,沛莉 Peri Chang,peri168,326186089,4650,160223,1082,https://www.instagram.com/peri168/,"美妝保養,時尚潮流,家庭母嬰"
63,鹿人,鹿人,twodeerman,1422088439,922,415007,208,https://www.instagram.com/twodeerman/,"表演藝術,趣味搞笑"
64,關韶文,關韶文 關關✨,ethan_kuan_kuan,270217123,1929,367960,501,https://www.instagram.com/ethan_kuan_kuan/,"美妝保養,趣味搞笑,表演藝術"
65,健人蓋伊,健人蓋伊,gu_yuze,2945747715,829,262770,827,https://www.instagram.com/gu_yuze/,運動健身
66,GINA-HELLO!,GINA HELLO,ginachiki,2368322,7076,525796,447,https://www.instagram.com/ginachiki/,"美妝保養,時尚潮流,旅遊"
67,我是老爸-我不要當爸!,我是老爸，我不要當爸,daddy.iam,3638274950,554,102766,301,https://www.instagram.com/daddy.iam/,"旅遊,美食料理"
68,蛋事超有事EggThings,蛋哥超有事EggThings,egg_things,1298476942,760,230287,106,https://www.instagram.com/egg_things/,表演藝術
69,雨揚樂活家族,招財｜數字測驗,yu.young_fate,5545852629,4261,87182,5,https://www.instagram.com/yu.young_fate/,綜合其他
70,肉比頭Zoebitalk,肉比頭#用奇怪方式環遊世界的情侶,zoebitalk,7376429059,1370,296415,794,https://www.instagram.com/zoebitalk/,"旅遊,知識教育"
71,現在宅知道,現在宅知道,cb.otaku,8390003630,2536,132212,81,https://www.instagram.com/cb.otaku/,遊戲電玩
72,人生肥宅x尊,人生肥宅x尊,loserzun,4099485887,186,432782,58,https://www.instagram.com/loserzun/,"趣味搞笑,遊戲電玩"
73,啾啾妹-by-LIIN,啾啾妹 by LIIN,chuchumei__,1901574301,1336,542737,217,https://www.instagram.com/chuchumei__/,"趣味搞笑,設計創作"
74,閃電狼Flash-Wolves,FlashWolves 閃電狼,flashwolves2013,3882104752,5489,100432,96,https://www.instagram.com/flashwolves2013/,遊戲電玩
75,融融歷險記-Ben’s-Adventure,Ben Wu 融融歷險記,benwoooo,191715892,1485,104492,439,https://www.instagram.com/benwoooo/,旅遊
76,星期天,星期天 Sunday,sundayright_dub,1795150072,1950,180562,1612,https://www.instagram.com/sundayright_dub/,綜合其他
77,Yun-Chou,Yun Chou,riceandshine.co,851583,2961,834659,993,https://www.instagram.com/riceandshine.co/,家庭母嬰
78,MaoMaoTV,MaoMaoTV,maomaotv,52381245,1847,168451,1061,https://www.instagram.com/maomaotv/,旅遊
79,Evelyn-Chen-理科太太,Evelyn Chen 理科太太,liketaitai,7549469612,700,573035,226,https://www.instagram.com/liketaitai/,"醫療健康,時事討論"
80,小A辣,小A辣🌶️,ala780705,5703523434,1744,354298,1499,https://www.instagram.com/ala780705/,趣味搞笑
81,兔女狼,兔女狼Rabbit& Wolf,colorfulinsideus,6932460472,603,259315,1508,https://www.instagram.com/colorfulinsideus/,旅遊
82,有璟妍精요찡옌찡,有璟 요찡 🇰🇷,602avenue,2258824753,765,216284,664,https://www.instagram.com/602avenue/,"旅遊,美食料理"
83,滴妹,滴妹,crown_du,212843255,1173,739639,1635,https://www.instagram.com/crown_du/,"旅遊,美食料理,知識教育"
84,莫彩曦Hailey,Hailey 莫彩曦,hailey_jane,15272541,405,347424,266,https://www.instagram.com/hailey_jane/,綜合其他
85,星光奈奈,星光奈奈,5inana,4707330690,302,211320,1,https://www.instagram.com/5inana/,"旅遊,表演藝術"
86,Gary蓋瑞,Gary蓋瑞,gary.0917,5489294244,300,160154,180,https://www.instagram.com/gary.0917/,遊戲電玩
87,Jason-Chen-陳以桐,Jason Chen 陳以桐,jasondchen,32527641,3853,2450201,69,https://www.instagram.com/jasondchen/,表演藝術
88,台灣妞韓國媳,Taiwanniu,taiwanniu421,859326544,1973,121028,945,https://www.instagram.com/taiwanniu421/,"美妝保養,旅遊,帶貨分潤"
89,cheap-鄭才暐,鄭才暐,cheapaoe,1752644498,398,24615,527,https://www.instagram.com/cheapaoe/,"遊戲電玩,時事討論"
90,王宏哲教養、育兒寶典,王宏哲教養育兒寶典,wanghungche,7967543867,489,139725,224,https://www.instagram.com/wanghungche/,"家庭母嬰,知識教育,高階經理人"
91,小葵-XiaoKui,小葵 XiaoKui,miao11255,1673522323,1374,178445,764,https://www.instagram.com/miao11255/,遊戲電玩
92,High咖-邱志恒,✨High咖-邱志恒✨嗨咖,children0704,1393717829,1196,125363,745,https://www.instagram.com/children0704/,趣味搞笑
93,Lobo-蘿蔔,Lobo蘿蔔,lobo_is_good,5917730232,1410,78073,44,https://www.instagram.com/lobo_is_good/,遊戲電玩
94,黃小米-Mii,黃小米 Mii,lovemiihuang,593475086,2940,232488,992,https://www.instagram.com/lovemiihuang/,"美妝保養,時尚潮流,旅遊"
95,鼻妹的廢話亂畫,鼻妹 Bimay,bimay_nagging,1324160468,3766,172773,1276,https://www.instagram.com/bimay_nagging/,"表演藝術,趣味搞笑"
96,Sandy-珊迪,Sandykaka 珊迪,sandykaka_,2620202,3279,292906,479,https://www.instagram.com/sandykaka_/,"美食料理,寵物,遊戲電玩"
97,魔術Channel---Davio,🎩Davio🎩,davio_magic,3025123501,2093,351680,682,https://www.instagram.com/davio_magic/,表演藝術
98,可可酒精,可可酒精,cocowine0205,2307480066,1593,157798,782,https://www.instagram.com/cocowine0205/,"美食料理,趣味搞笑"
99,吃貨豪豪,方建豪,martinispig,1221421406,517,136420,749,https://www.instagram.com/martinispig/,美食料理
100,電瀨少女-女孩的科技日常,電獺少女,aottergirls,1918317716,3099,166174,87,https://www.instagram.com/aottergirls/,3C科技
101,恩熙俊-aka-MC-Jeng,MC Jeng Su,jengsu,349524494,627,213786,804,https://www.instagram.com/jengsu/,美食料理
102,崔&雪莉&Jon,雪莉shirley,shirley_01_12,1480636439,455,43946,1204,https://www.instagram.com/shirley_01_12/,影視評論
103,鐵牛-Ironbull,鐵牛Ironbull,ironbullim,2004455899,1556,120088,1168,https://www.instagram.com/ironbullim/,"遊戲電玩,趣味搞笑"
104,小尾巴,小尾巴,tiest0913,2671435,983,134393,446,https://www.instagram.com/tiest0913/,"表演藝術,遊戲電玩,趣味搞笑"
105,蔡哥,蔡哥,tsaibrotherderboofan,8235379892,1368,241128,1959,https://www.instagram.com/tsaibrotherderboofan/,"表演藝術,趣味搞笑"
106,Ciao!-Kitchen,ᴄɪᴀᴏ! ᴋɪᴛᴄʜᴇɴ 巧兒灶咖,ciao_kitchen,235456533,952,153279,791,https://www.instagram.com/ciao_kitchen/,美食料理
107,超粒方,超粒方,tesscube,1597978283,1318,35989,75,https://www.instagram.com/tesscube/,影視評論
108,Sandy-&-Mandy,Sandy&Mandy,sandymandy_official,5694299090,586,519307,248,https://www.instagram.com/sandymandy_official/,表演藝術
109,麻糬爸,麻糬爸與白爛貓家族,mochi_dad,588016383,2560,391889,116,https://www.instagram.com/mochi_dad/,表演藝術
110,Six-Wang,Six Wang ,6tan,144080454,2155,236458,447,https://www.instagram.com/6tan/,遊戲電玩
111,Lilyflute長笛姐姐,長笛姐姐🪄Lily Flute,lilyflute,2926479106,2917,150544,440,https://www.instagram.com/lilyflute/,表演藝術
112,Wecook123-料理123,料理123,wecook123123,3283078407,986,64697,11,https://www.instagram.com/wecook123123/,美食料理
113,林進-飛醺卑鄙-fashion-baby,林進Lingin 林東進飛醺卑鄙Fashionbaby ,lingin1209,371630480,8194,722044,2244,https://www.instagram.com/lingin1209/,趣味搞笑
114,泥泥汝niniru,泥泥汝niniru,niniru621,6119947893,2344,289357,1701,https://www.instagram.com/niniru621/,"美妝保養,遊戲電玩"
115,艾爾文,艾爾文,alvin701,1972535324,1329,187869,142,https://www.instagram.com/alvin701/,知識教育
116,DE-JuN,DE JuN,de.jun_666,3207482766,112,269054,1306,https://www.instagram.com/de.jun_666/,遊戲電玩
117,小熊-Yuniko,小熊yuniko,yuniko0720,7679841235,1668,160098,7,https://www.instagram.com/yuniko0720/,"3C科技,遊戲電玩,旅遊"
118,IFBB-Pro-Lin-Ching-Chieh-林敬傑,BBpPro-Lin-Ching-Chieh-林敬傑,ackj0301_ifbbpro,356292460,1397,264414,326,https://www.instagram.com/ackj0301_ifbbpro/,運動健身
119,Bobo-TV,BoBo TV,bobo_kira,5009046507,1208,61964,168,https://www.instagram.com/bobo_kira/,寵物
120,嘎嫂二伯,嘎嫂二伯,2uncle987,2113732341,4245,774220,703,https://www.instagram.com/2uncle987/,"旅遊,家庭母嬰"
121,找蔬食-Traveggo,找蔬食 Hao&Yang,traveggo,3823966970,495,176606,337,https://www.instagram.com/traveggo/,"美食料理,趣味搞笑"
122,我是阿樂-林妤臻,我是阿樂🐹林妤臻🎏,alephant_0427,4607985831,2397,722582,1917,https://www.instagram.com/alephant_0427/,"遊戲電玩,表演藝術"
123,紀卜心-Kimi,♡ 🍒紀卜心☺︎,eatzzz7,298479014,5550,926658,869,https://www.instagram.com/eatzzz7/,"美妝保養,時尚潮流,旅遊"
124,台灣吧,臺灣吧 Taiwan Bar,taiwan_bar,10724137476,656,95629,176,https://www.instagram.com/taiwan_bar/,"知識教育,理財創業"
125,Patti-Huang,🎀iampatti采蓁🎀,pattihuang,434385389,1485,154706,425,https://www.instagram.com/pattihuang/,"美食料理,寵物,趣味搞笑"
126,強運少女日本日記RU-in-Japan/,るー🌿RU醬,kaoru_0409,319558039,1265,155775,945,https://www.instagram.com/kaoru_0409/,"旅遊,美食料理"
127,邱沁宜,邱沁宜/黛西小姐 Miss Daisy,daisy.chiu,1438262381,1109,53767,451,https://www.instagram.com/daisy.chiu/,"理財創業,高階經理人"
128,阿淇博士-Dr.Achi,阿淇博士 Dr.Achi,hithisisachi,25600184005,1457,43236,204,https://www.instagram.com/hithisisachi/,"美食料理,醫療健康,知識教育"
129,J-Bao賤葆,賤葆ʕ•ᴥ•ʔ✨,jbao_5000,585855954,331,415031,759,https://www.instagram.com/jbao_5000/,"趣味搞笑,旅遊"
130,這群人-董仔,這群人董仔,donehannah,1095823729,4307,280507,2463,https://www.instagram.com/donehannah/,"表演藝術,趣味搞笑"
131,Ines-Wang,王以甯 𝙸 𝙽 𝙴 𝚂,inesinesw,330953157,5694,296216,813,https://www.instagram.com/inesinesw/,"美妝保養,時尚潮流,帶貨分潤"
132,元-元,元 元,1105ya,506333587,1524,1106945,560,https://www.instagram.com/1105ya/,時尚潮流
133,史丹利視角的體育世界,史丹利的採訪生活,stanley_sportslife,21175288786,395,34810,441,https://www.instagram.com/stanley_sportslife/,運動健身
134,豹子腿方昶詠,方昶詠,cyfang58,6300669232,1469,53635,719,https://www.instagram.com/cyfang58/,運動健身
135,羅小白,羅小白S.white,swhite523,1009926645,1843,180589,607,https://www.instagram.com/swhite523/,表演藝術
136,阿慈車庫-Dream-garage,阿慈車庫,tzu_888,3799926248,504,123694,1493,https://www.instagram.com/tzu_888/,汽機車
137,痘疤醫生---莊盈彥醫師,痘疤女王 莊盈彥,dr.acne_scar_queen,4833663962,2943,189848,259,https://www.instagram.com/dr.acne_scar_queen/,"知識教育,醫療健康"
138,Men's-Game-玩物誌,Allen,mensgametw,5502934,1407,34159,629,https://www.instagram.com/mensgametw/,3C科技
139,英雄日常Heroisme,林 英雄,20141010hero,6323962006,715,142634,94,https://www.instagram.com/20141010hero/,遊戲電玩
140,飽妮,飽妮,bonibaobao,3461425698,941,214978,1114,https://www.instagram.com/bonibaobao/,影視評論
141,咪妃Julia,咪妃（榴槤姊姊） ,juliamisakii,646090220,1800,432539,579,https://www.instagram.com/juliamisakii/,"遊戲電玩,表演藝術,趣味搞笑"
142,卡特-Kart,卡特,kart_wang,5721735,1609,225861,1206,https://www.instagram.com/kart_wang/,"美妝保養,時尚潮流"
143,囂搞-Shaogao,Shaogao 囂搞,shaogao,186966726,1705,322191,668,https://www.instagram.com/shaogao/,"表演藝術,趣味搞笑"
144,籃靖玟,籃籃,lan0716,770641030,411,538706,774,https://www.instagram.com/lan0716/,"旅遊,運動健身"
145,Peter-Su,Peter Su,peter825,2059966,3594,668099,930,https://www.instagram.com/peter825/,"旅遊,知識教育"
146,SMG-Sirenia海牛,海牛,manatee0701,1634971155,1237,159761,236,https://www.instagram.com/manatee0701/,遊戲電玩
147,Coffee-Time,Pet Pixels Studio,coffee_time_corgi,277665677,6123,526230,1427,https://www.instagram.com/coffee_time_corgi/,寵物
148,魯蛋的頻道,魯文文,ruwenwen,2315555102,642,105955,138,https://www.instagram.com/ruwenwen/,遊戲電玩
149,含羞草日記,含羞草,xiucao.han,7962322896,1134,240547,1313,https://www.instagram.com/xiucao.han/,"遊戲電玩,趣味搞笑"
150,辣媽Shania,辣媽Shania,lamashania,331734673,797,76496,416,https://www.instagram.com/lamashania/,美食料理
151,三個麻瓜,三個麻瓜,three_muggles,11948390607,1383,94059,152,https://www.instagram.com/three_muggles/,影視評論
152,傲嬌爸的養貓日常,傲嬌爸的養貓日常,uni_catto,8166928869,2270,66376,109,https://www.instagram.com/uni_catto/,寵物
153,胡采蘋-Emmy-Hu,Emmy追劇時間,emmy_on_earth,3219846191,334,8713,203,https://www.instagram.com/emmy_on_earth/,理財創業
154,LoganDBeck-小貝,Logan Beck 小貝,logandbeck,181344665,1377,44979,682,https://www.instagram.com/logandbeck/,旅遊
155,林萱-Shiuan,林瑄 SHIUAN,1_shiuan_0,449856372,3008,330559,1759,https://www.instagram.com/1_shiuan_0/,"美妝保養,時尚潮流"
156,日本藥妝失心瘋,日本失心瘋俱樂部,japanuts,436603719,4180,517852,43,https://www.instagram.com/japanuts/,"美妝保養,家庭母嬰,帶貨分潤"
157,Campfire營火部落,Campfire 營火部落 - 達哥,campfire_tw,7283453919,2743,39315,468,https://www.instagram.com/campfire_tw/,旅遊
158,BlaireChen-左撇子,,blairechen,219651120,2770,221984,946,https://www.instagram.com/blairechen/,"美妝保養,時尚潮流,旅遊"
159,莊政威-Cliff-Chuang,克里夫三,cliffchuang3,6994695601,892,56940,198,https://www.instagram.com/cliffchuang3/,汽機車
160,Candy-孟潔,孟潔MJ,mengj215,238260008,1611,404122,834,https://www.instagram.com/mengj215/,時尚潮流
161,貝莉莓,貝莉莓 BerryM.,itsberrym,8910088,762,303926,664,https://www.instagram.com/itsberrym/,"遊戲電玩,表演藝術"
162,蕭志瑋,蕭志瑋 八弟,afunnywii,449941481,1947,225341,991,https://www.instagram.com/afunnywii/,"表演藝術,趣味搞笑"
163,周小葳,葳老闆｜周品均,mayukichou,18346291,8861,309258,1748,https://www.instagram.com/mayukichou/,"時尚潮流,高階經理人"
164,胡子Huz,胡子,huzihuang1989,1901157110,185,117022,371,https://www.instagram.com/huzihuang1989/,趣味搞笑
165,柴犬Nana和阿楞的一天,柴犬Nana和阿楞的一天,nana_aleng,259690279,1056,105966,0,https://www.instagram.com/nana_aleng/,寵物
166,那那大師,那那大師,tinana_master,3899386714,1273,74477,5177,https://www.instagram.com/tinana_master/,趣味搞笑
167,維思維,維思維,weisway18,8720224000,674,73874,7,https://www.instagram.com/weisway18/,知識教育
168,肉肉Neneko,Neneko肉肉,neneko.n,1516796980,586,415646,74,https://www.instagram.com/neneko.n/,表演藝術
169,上發條俱樂部,林發條🇹🇼,wia627,47921868,5234,164251,2540,https://www.instagram.com/wia627/,"家庭母嬰,寵物,帶貨分潤"
170,牛排,牛排,jam_steak,1309755798,871,386105,214,https://www.instagram.com/jam_steak/,趣味搞笑
171,希露弟弟啃雞腿,希露弟弟啃雞腿,getwie__,875931800,1826,48153,1038,https://www.instagram.com/getwie__/,寵物
172,黃山料,黃山料,iam_3636,1269919808,313,390092,1,https://www.instagram.com/iam_3636/,時事討論
173,羚小鹿,YING 林岱縈,daiying0,594657,914,353699,627,https://www.instagram.com/daiying0/,"美妝保養,旅遊,表演藝術"
174,Natalie吳斐莉,Natalie吳斐莉,wufeili,19631565,3568,372383,452,https://www.instagram.com/wufeili/,"美妝保養,時尚潮流,旅遊"
175,黃帝筱清Virus,Qi黃帝💋,zxsdexz,1656806538,172,192357,899,https://www.instagram.com/zxsdexz/,遊戲電玩
176,村子裡的凱莉哥,村子裡的凱莉哥,kellyshen40,1872616,4589,80754,1211,https://www.instagram.com/kellyshen40/,"旅遊,家庭母嬰,帶貨分潤"
177,老王-oldwang,老王 oldwong,oldwangwang,3216171228,289,121681,57,https://www.instagram.com/oldwangwang/,"趣味搞笑,時事討論"
178,處女座媽媽的瑣碎日常,處女座媽媽的瑣碎日常💐Kaori,mypink0911,1567787720,1786,83681,563,https://www.instagram.com/mypink0911/,綜合其他
179,虎麗笑嗨嗨,虎麗笑嗨嗨 高雄美食,hooleefun,987577757,3628,285219,76,https://www.instagram.com/hooleefun/,美食料理
180,老王愛說笑,跟著老王好好學股票｜大道至簡｜技術分析｜投資理財｜ETF｜國際總經｜,oldwangstock,53537654512,2229,72829,10,https://www.instagram.com/oldwangstock/,理財創業
181,喪屍老爸,喪屍老爸,walkerdad1228,1693376105,1301,116757,380,https://www.instagram.com/walkerdad1228/,"家庭母嬰,趣味搞笑"
182,尤汐伯夷,Boy playmj,boyplaymj,7388930404,1730,70600,594,https://www.instagram.com/boyplaymj/,遊戲電玩
183,崔咪Tramy,崔咪Tramy,b2btramy888888,289951542,1798,159302,1212,https://www.instagram.com/b2btramy888888/,時尚潮流
184,Cindy-H,Cindy,cindyhhh32,20909913,1683,182298,417,https://www.instagram.com/cindyhhh32/,"美妝保養,時尚潮流"
185,MR.JOE-HOBBY.tv,喬老師 Mr.Joe Hobby,mr.joehobby,6362870504,1087,47570,169,https://www.instagram.com/mr.joehobby/,遊戲電玩
186,Sunnie-陸筱晴,陸筱晴,sunnie_cat0111,415967628,3293,226451,1105,https://www.instagram.com/sunnie_cat0111/,"美妝保養,時尚潮流,旅遊,美食料理"
187,Goris-Sky,Goris （CHEN）,goris.sky,1368897,7960,161740,196,https://www.instagram.com/goris.sky/,"時尚潮流,美妝保養"
188,依梨,依梨🐰,lebaby0v0,334198510,551,536194,196,https://www.instagram.com/lebaby0v0/,"時尚潮流,遊戲電玩"
189,許允樂的老兵魂,許允樂,byleway,41410936,7638,318515,1355,https://www.instagram.com/byleway/,"美妝保養,時尚潮流"
190,鬧著玩娛樂,鬧著玩娛樂,nowyouon,15995799029,510,43933,150,https://www.instagram.com/nowyouon/,"旅遊,美食料理"
191,林淑芬2.0,C D H｜林淑芬,0_shufen,2616472977,1371,883571,547,https://www.instagram.com/0_shufen/,綜合其他
192,Mom-&-Dad,Mom & Dad（媽爹）,momanddad_band,1689257860,906,74943,483,https://www.instagram.com/momanddad_band/,家庭母嬰
193,Meg-今天穿什麼,Meg Lu,maygobla,34863628,1504,199066,1045,https://www.instagram.com/maygobla/,"美妝保養,時尚潮流"
194,小凱老師,小凱老師,kai_makeup_,198797117,2085,136460,647,https://www.instagram.com/kai_makeup_/,美妝保養
195,紫玥桃,紫玥桃 Cosplay,skauramomo,515352630,0,0,0,https://www.instagram.com/skauramomo/,"時尚潮流,表演藝術"
196,鵝鵝就是鵝鵝,鵝鵝就是鵝鵝,ninggoose,5788109002,1203,107527,1001,https://www.instagram.com/ninggoose/,汽機車
197,安啾咪,安啾 Anjou,anjouclever,3051141459,497,385142,215,https://www.instagram.com/anjouclever/,"美食料理,表演藝術"
198,Linzin-阿哲,inzin 阿哲,linzin.yt,3051141459,1001,31005,19,https://www.instagram.com/linzin.yt/,3C科技
199,廚佛瑞德Fred,Fred Hsu,thechef_fred,8071917422,930,183927,1037,https://www.instagram.com/thechef_fred/,"美食料理,帶貨分潤"
200,大H-陳建昕,大H 陳建昕IFBB PRO,hsin0126,15848559,2037,314116,4829,https://www.instagram.com/hsin0126/,運動健身
