person_name,ig_id
蔡阿嘎,yga0721
Joeman,joemanweng
黃阿瑪的後宮生活,fumeancat
千千進食中,khshu_
小象愛出門,elephant_gogo
那對夫妻,1006nk
How-Fun-如何爽,howhowhasfriends
PanSci-泛科學,pansci
一隻阿圓,nanaciaociao
欸你這週要幹嘛,arielsvlog_816
77老大,basil_77777
那個女生-Kiki,minikiki_0529
阿滴英文,rayduenglish
好味小姐,ladyflavor
好味小姐,ladyflavor_cui
好味小姐,ladyflavor_nowpo
廉傑克曼,jaychang0127
江老師,teacherchiang
那些電影教我的事,lessonsfrommovies
豆漿--Soybean-Milk,soybeanmilk_cat
Onion-man-洋蔥先生與阿文,onionman__
人類超有病-Baxuan,baxuan_ig
大蛇丸,jam_cutepig
Andy老師,andy1994x
超認真少年-I'm-Serious,imseriou
三原慧悟-Sanyuan_JAPAN,sanyuan_japan
貓貓蟲-咖波,bugcat_capoo
Ian&Eric,thedodomen
黃氏兄弟,huangbrotherss
我得了一種吃菜就會死的病-微疼,weiteng0710
琳妲-林羿禎,linda831212
白癡公主,87acup
KEOKI-BLACK布萊克薛薛,k3okii
厭世甜點店,energydessert2019
陳彥婷,thetiffanychen
魚乾,annie72127
志祺七七,shasha77.daily
HOOK,helloiamhook
木曜4超玩,muyao4
丹妮婊姐,dannybeeech
泱泱LYNN,lynnwu0219_2
HahaTai-哈哈台,hahatai_official
丁特-Dinter,dinter_1126
彼得爸與蘇珊媽,peter_and_susan
阿翰po影片,hanhanpovideo
愛里,allie.liao
這群人-尼克,nickwang1988
蔡桃貴,tsaigray2018
Ru's-Piano-Ru味春捲,ruruspiano
阿啾繪圖同萌,achusan0817
阿啾繪圖同萌,achu08177
黃大謙,da_chien_huang
愛莉莎莎-Alisasa,goodalicia
見習網美小吳,beauty___wu
Charlene-Liu-查理,coindevanity
PEETA葛格,peeta.gege
波蘭女孩x台灣男孩-在家環遊世界,milasky_love
連環泡有芒果,corgimango
Emma艾瑪,xollox121
Aries艾瑞絲,aries_8248
蘿潔塔的廚房,rosalina.kitchen
瑀熙-Yuci,uccu0323
這群人TGOP,thisgroupofpeople
3cTim哥生活的日常,3ctim
百變沛莉-Peri,peri168
鹿人,twodeerman
關韶文,ethan_kuan_kuan
健人蓋伊,gu_yuze
GINA-HELLO!,ginachiki
我是老爸-我不要當爸!,daddy.iam
蛋事超有事EggThings,egg_things
雨揚樂活家族,yu.young_fate
肉比頭Zoebitalk,zoebitalk
現在宅知道,cb.otaku
人生肥宅x尊,loserzun
啾啾妹-by-LIIN,chuchumei__
閃電狼Flash-Wolves,flashwolves2013
融融歷險記-Ben’s-Adventure,benwoooo
星期天,sundayright_dub
Yun-Chou,riceandshine.co
MaoMaoTV,maomaotv
Evelyn-Chen-理科太太,liketaitai
小A辣,ala780705
兔女狼,colorfulinsideus
有璟妍精요찡옌찡,602avenue
滴妹,crown_du
莫彩曦Hailey,hailey_jane
星光奈奈,5inana
Gary蓋瑞,gary.0917
Jason-Chen-陳以桐,jasondchen
台灣妞韓國媳,taiwanniu421
cheap-鄭才暐,cheapaoe
王宏哲教養、育兒寶典,wanghungche
小葵-XiaoKui,miao11255
High咖-邱志恒,children0704
Lobo-蘿蔔,lobo_is_good
黃小米-Mii,lovemiihuang
鼻妹的廢話亂畫,bimay_nagging
Sandy-珊迪,sandykaka_
魔術Channel---Davio,davio_magic
可可酒精,cocowine0205
吃貨豪豪,martinispig
電瀨少女-女孩的科技日常,aottergirls
恩熙俊-aka-MC-Jeng,jengsu
崔&雪莉&Jon,shirley_01_12
鐵牛-Ironbull,ironbullim
小尾巴,tiest0913
蔡哥,tsaibrotherderboofan
Ciao!-Kitchen,ciao_kitchen
超粒方,tesscube
Sandy-&-Mandy,sandymandy_official
麻糬爸,mochi_dad
Six-Wang,6tan
Lilyflute長笛姐姐,lilyflute
Wecook123-料理123,wecook123123
林進-飛醺卑鄙-fashion-baby,lingin1209
泥泥汝niniru,niniru621
艾爾文,alvin701
DE-JuN,de.jun_666
小熊-Yuniko,yuniko0720
IFBB-Pro-Lin-Ching-Chieh-林敬傑,ackj0301_ifbbpro
Bobo-TV,bobo_kira
嘎嫂二伯,2uncle987
找蔬食-Traveggo,traveggo
我是阿樂-林妤臻,alephant_0427
紀卜心-Kimi,eatzzz7
台灣吧,taiwan_bar
Patti-Huang,pattihuang
強運少女日本日記RU-in-Japan/,kaoru_0409
邱沁宜,daisy.chiu
阿淇博士-Dr.Achi,hithisisachi
J-Bao賤葆,jbao_5000
這群人-董仔,donehannah
Ines-Wang,inesinesw
元-元,1105ya
史丹利視角的體育世界,stanley_sportslife
豹子腿方昶詠,cyfang58
羅小白,swhite523
阿慈車庫-Dream-garage,tzu_888
痘疤醫生---莊盈彥醫師,dr.acne_scar_queen
Men's-Game-玩物誌,mensgametw
英雄日常Heroisme,20141010hero
飽妮,bonibaobao
咪妃Julia,juliamisakii
卡特-Kart,kart_wang
囂搞-Shaogao,shaogao
籃靖玟,lan0716
Peter-Su,peter825
SMG-Sirenia海牛,manatee0701
Coffee-Time,coffee_time_corgi
魯蛋的頻道,ruwenwen
含羞草日記,xiucao.han
辣媽Shania,lamashania
三個麻瓜,three_muggles
傲嬌爸的養貓日常,uni_catto
胡采蘋-Emmy-Hu,emmy_on_earth
LoganDBeck-小貝,logandbeck
林萱-Shiuan,1_shiuan_0
日本藥妝失心瘋,japanuts
Campfire營火部落,campfire_tw
BlaireChen-左撇子,blairechen
莊政威-Cliff-Chuang,cliffchuang3
Candy-孟潔,mengj215
貝莉莓,itsberrym
蕭志瑋,afunnywii
周小葳,mayukichou
胡子Huz,huzihuang1989
柴犬Nana和阿楞的一天,nana_aleng
那那大師,tinana_master
維思維,weisway18
肉肉Neneko,neneko.n
上發條俱樂部,wia627
牛排,jam_steak
希露弟弟啃雞腿,getwie__
黃山料,iam_3636
羚小鹿,daiying0
Natalie吳斐莉,wufeili
黃帝筱清Virus,zxsdexz
村子裡的凱莉哥,kellyshen40
老王-oldwang,oldwangwang
處女座媽媽的瑣碎日常,mypink0911
虎麗笑嗨嗨,hooleefun
老王愛說笑,oldwangstock
喪屍老爸,walkerdad1228
尤汐伯夷,boyplaymj
崔咪Tramy,b2btramy888888
Cindy-H,cindyhhh32
MR.JOE-HOBBY.tv,mr.joehobby
Sunnie-陸筱晴,sunnie_cat0111
Goris-Sky,goris.sky
依梨,lebaby0v0
許允樂的老兵魂,byleway
鬧著玩娛樂,nowyouon
林淑芬2.0,0_shufen
Mom-&-Dad,momanddad_band
Meg-今天穿什麼,maygobla
小凱老師,kai_makeup_
紫玥桃,skauramomo
鵝鵝就是鵝鵝,ninggoose
安啾咪,anjouclever
Linzin-阿哲,linzin.yt
廚佛瑞德Fred,thechef_fred
大H-陳建昕,hsin0126
,
,
,
,
,
,
,
,
,
,
,
,
,
,
,
,
,
,
,
,
,
,
,
,
,
,
,
,
,
,
,
,
,
,
,
,
,
,
,
,
,
,
,
,
,
,
,
,
,
,
,
,
,
,
,
,
,
,
,
,
,
,
,
,
,
,
,
,
,
,
,
,
,
,
,
,
,
,
,
,
,
,
,
,
,
,
,
,
,
,
,
,
,
,
,
,
,
,
,
,
,
,
,
,
,
,
,
,
,
,
,
,
,
,
,
,
,
,
,
,
,
,
,
,
,
,
,
,
,
,
,
,
,
,
,
,
,
,
,
,
,
,
,
,
,
,
,
,
,
,
,
,
,
,
,
,
,
,
,
,
,
,
,
,
,
,
,
,
,
,
,
,
,
,
,
,
,
,
,
,
,
,
,
,
,
,
,
,
,
,
,
,
,
,
,
,
,
,
,
,
,
,
,
,
,
,
,
,
,
,
,
,
,
,
,
,
,
,
,
,
,
,
,
,
,
,
,
,
,
,
,
,
,
,
,
,
,
,
,
,
,
,
,
,
,
,
,
,
,
,
,
,
,
,
,
,
,
,
,
,
,
,
,
,
,
,
,
,
,
,
,
,
,
,
,
,
,
,
,
,
,
,
,
,
,
,
,
,
,
,
,
,
,
,
,
,
,
,
,
,
,
,
,
,
,
,
,
,
,
,
,
,
,
,
,
,
,
,
,
,
,
,
,
,
,
,
,
,
,
,
,
,
,
,
,
,
,
,
,
,
,
,
,
,
,
,
,
,
,
,
,
,
,
,
,
,
,
,
,
,
,
,
,
,
,
,
,
,
,
,
,
,
,
,
,
,
,
,
,
,
,
,
,
,
,
,
,
,
,
,
,
,
,
,
,
,
,
,
,
,
,
,
,
,
,
,
,
,
,
,
,
,
,
,
,
,
,
,
,
,
,
,
,
,
,
,
,
,
,
,
,
,
,
,
,
,
,
,
,
,
,
,
,
,
,
,
,
,
,
,
,
,
,
,
,
,
,
,
,
,
,
,
,
,
,
,
,
,
,
,
,
,
,
,
,
,
,
,
,
,
,
,
,
,
,
,
,
,
,
,
,
,
,
,
,
,
,
,
,
,
,
,
,
,
,
,
,
,
,
,
,
,
,
,
,
,
,
,
,
,
,
,
,
,
,
,
,
,
,
,
,
,
,
,
,
,
,
,
,
,
,
,
,
,
,
,
,
,
,
,
,
,
,
,
,
,
,
,
,
,
,
,
,
,
,
,
,
,
,
,
,
,
,
,
,
,
,
,
,
,
,
,
,
,
,
,
,
,
,
,
,
,
,
,
,
,
,
,
,
,
,
,
,
,
,
,
,
,
,
,
,
,
,
,
,
,
,
,
,
,
,
,
,
,
,
,
,
,
,
,
,
,
,
,
,
,
,
,
,
,
,
,
,
,
,
,
,
,
,
,
,
,
,
,
,
,
,
,
,
,
,
,
,
,
,
,
,
,
,
,
,
,
,
,
,
,
,
,
,
,
,
,
,
,
,
,
,
,
,
,
,
,
,
,
,
,
,
,
,
,
,
,
,
,
,
,
,
,
,
,
,
,
,
,
,
,
,
,
,
,
,
,
,
,
,
,
,
,
,
,
,
,
,
,
,
,
,
,
,
,
,
,
,
,
,
,
,
,
,
,
,
,
,
,
,
,
,
,
,
,
,
,
,
,
,
,
,
,
,
,
,
,
,
,
,
,
,
,
,
,
,
,
,
,
,
,
,
,
,
,
,
,
,
,
,
,
,
,
,
